username,post_karma,comment_karma,cake_day,is_bot
gregoratior,30,-2,1493902379.0,True
LuzRun,1,0,1512644473.0,True
McDownes,1,0,1553781074.0,True
davidjglover,1,0,1571666388.0,True
HarrisonBriggs,1,0,1495527802.0,True
alabelm,48,0,1492678592.0,True
bernturmann,1,0,1513853074.0,True
AntonioDiazz,3,0,1556092775.0,True
ciawahhed,1,0,1571683189.0,True
krakodoc,22,0,1496821694.0,True
BillieFolmar,1,0,1488789055.0,True
jaimeibanez,1,0,1513842294.0,True
robeharty,1,0,1555919376.0,True
feliciahogg,1,0,1571667196.0,True
KlausSteiner,13,0,1496742114.0,True
davecooperr,1,0,1512552816.0,True
gilbmedina84,5,0,1551166119.0,True
ZayasLiTel,1,0,1571666358.0,True
Ritterc,1,0,1494057773.0,True
kempnaomi,1,0,1511515988.0,True
claudialopezz,12,0,1534925690.0,True
FeistyWedding,1,0,1571665318.0,True
demomanz,3,0,1491812766.0,True
lauraferrojo,1,0,1506587405.0,True
chavezserg,5,0,1533796567.0,True
MaryCWolf,1,0,1571663487.0,True
CharlesRichardson,1,0,1486024498.0,True
brigittemaur,1,0,1509521857.0,True
MaxKasyan,1,0,1511949941.0,True
garrypugh,1,0,1535537077.0,True
Party_Actuary,1,0,1571666118.0,True
rabbier,18,0,1493451328.0,True
MikeHanon,1,0,1495794558.0,True
estellatorres,1,0,1532674613.0,True
PastJournalist,1,0,1571663385.0,True
KattyTorr,1,0,1572333947.0,True
TomSallee,1,0,1506588938.0,True
MilitaryObserver,1,0,1510310042.0,True
bellagara,5,0,1533883851.0,True
StevtBell,1,0,1571664030.0,True
SherryNuno,1,0,1487596881.0,True
delmaryang,6,0,1521633231.0,True
PeterMurtaugh,1,0,1494490423.0,True
blancoaless,1,0,1514186544.0,True
zurabagriashvili,1,0,1570606101.0,True
saliahwhite,1,0,1571683590.0,True
fullekyl,2,0,1501320717.0,True
Rinzoog,1,0,1495794024.0,True
almanzamary,1,0,1515481706.0,True
Defiant_Emu,1,0,1571644837.0,True
Ostermaxnn,2,0,1571819763.0,True
LauraKnecht,4,0,1506507762.0,True
RuffMoulton,1,0,1510579856.0,True
francovaz,3,0,1534403420.0,True
victoriasanches,1,0,1571665145.0,True
PushyFrank,1,0,1488185448.0,True
uzunadnan,1,0,1504010164.0,True
EllisonRedfall,1,0,1533115039.0,True
vasiliskus,1,0,1571663049.0,True
KimJjj,6,0,1485944110.0,True
NicSchum,1,0,1507808282.0,True
BlackToLive,1,-7,1467681198.0,True
FaurnFlamebreaker,1,-5,1431683081.0,True
bill_jonson,1,-4,1445054140.0,True
PurebringerOghmagra,1,0,1431693522.0,True
clawisma,1,-2,1442424149.0,True
jake_browny,1,-1,1461679493.0,True
Georgie_Felix,1,0,1481028382.0,True
george_BENTLEY,1,0,1314827571.0,True
rico_penya,1,0,1503043807.0,True
Leprechaun_yura,1,0,1491139884.0,True
Admiraf,1,0,1478768769.0,True
lgbtunited,1,0,1465934984.0,True
20twony,1,0,1465978965.0,True
momaskin,1,0,1504340059.0,True
FelhafymDugrel,1,0,1431617780.0,True
DoriraKam,1,0,1431615498.0,True
DalaghmaMajurus,1,0,1431617761.0,True
IfiacelMoogutaxe,1,0,1431613696.0,True
AragelvBlackkiller,1,0,1431615479.0,True
SsoncenModifyn,1,0,1431613686.0,True
KulagdaMneriel,1,0,1431713934.0,True
BloodbearerBusius,1,0,1431685771.0,True
SteeldefenderZululm,1,0,1431728295.0,True
TaushakarGrantrius,1,0,1431693612.0,True
FlameweaverTokazahn,1,0,1431735500.0,True
MunirusDrelalas,1,0,1431717516.0,True
JoJosarBlacksong,1,0,1431724704.0,True
ZulkilkreeMazucage,1,0,1431706681.0,True
RexcliffVushura,1,0,1431710283.0,True
KizragoreMajin,1,0,1431701430.0,True
MograMarn,1,0,1431683069.0,True
RedseekerMami,1,0,1431695222.0,True
StardwellerFordrezi,1,0,1431731883.0,True
PaineyeDaron,1,0,1431746264.0,True
RexscarNalmekelv,1,0,1431693540.0,True
SaberstalkerTygorr,1,0,1431683013.0,True
GhoginnModilbine,1,0,1431703039.0,True
BeariArashura,1,0,1431710254.0,True
ZalarGroshakar,1,0,1431684665.0,True
DaktilarMarirus,1,0,1431757159.0,True
GhozarIannn,1,0,1431683077.0,True
AdofynMorakus,1,0,1431721106.0,True
FelorielBalladolore,1,0,1431692218.0,True
SaimathJurisar,1,0,1431746239.0,True
ZulkizragoreLairdan,1,0,1431757122.0,True
BrargasYggndis,1,0,1431739092.0,True
FordreninDalas,1,0,1431684682.0,True
GavidiKenrad,1,0,1431739052.0,True
NikojindDalarad,1,0,1431706664.0,True
SharpgroveMagal,1,0,1431749957.0,True
AkinotilarGardana,1,0,1431701439.0,True
ShadowhammerFelozan,1,0,1431753551.0,True
FelorgasAlsagelv,1,0,1431699949.0,True
ArashillCererana,1,0,1431699964.0,True
YozshulkisNighthamm,1,0,1431695193.0,True
FelothisRagegrove,1,0,1431684615.0,True
KigagrelMightrunner,1,4,1431693591.0,True
BalbineSnowbourne,1,0,1431735495.0,True
HugilmeenaBurinrad,1,0,1431753518.0,True
BagraBludwood,1,0,1431717456.0,True
TetaurDizragore,1,0,1431742685.0,True
KazshuraDoommaster,1,0,1431731858.0,True
KularimGaviril,1,0,1431713884.0,True
TaulabarMumi,1,0,1431703080.0,True
NilkisZargas,1,0,1431684629.0,True
DoukasaZahelm,1,0,1431695190.0,True
BalladoranaBalhala,1,0,1431742694.0,True
IshnntriusBufym,1,0,1431749854.0,True
ManadorSternfont,1,0,1431789529.0,True
SaithrisShakajas,1,0,1431775101.0,True
ArarisarStarbinder,1,0,1431793054.0,True
MakazahnFelodwyn,1,0,1431767907.0,True
KulaNegore,1,0,1431782285.0,True
ShalirgasFetaur,1,0,1431821923.0,True
PeghmaGoldenfist,1,0,1431760715.0,True
DawnravenFenritaur,1,0,1431764297.0,True
HugirisBoth,1,0,1431807506.0,True
DilarNitius,1,0,1431785895.0,True
NelrajasAndromardre,1,0,1431839883.0,True
DoukusGujar,1,0,1431821840.0,True
TaushuraJujind,1,0,1431836268.0,True
MavehelmMightblade,1,0,1431778671.0,True
TanrisVijinn,1,0,1431829089.0,True
MolarZulugar,1,0,1431814647.0,True
KajizragoreJojurus,1,0,1431811119.0,True
KulariTezshura,1,0,1431818299.0,True
MorlurusShagelv,1,0,1431760736.0,True
GaranBurithris,1,0,1431825437.0,True
JurgKagashakar,1,0,1431814720.0,True
MalarilZolorn,1,0,1431818338.0,True
KenisLightwing,1,0,1431839878.0,True
DokelvCentrillador,1,0,1431771449.0,True
VolkisDulmaran,1,0,1431832644.0,True
ThobandisGavinaya,1,0,1431789513.0,True
GonosShak,1,0,1431800279.0,True
ModidredAnanadar,1,0,1431800245.0,True
RainwormKigak,1,0,1431796648.0,True
DoukSaris,1,0,1431832640.0,True
ThorisPerintrius,1,0,1431785876.0,True
MazukazahnFlamebrin,1,0,1431771475.0,True
AdriesidaVolmaran,1,0,1431807492.0,True
ThotiusBalis,1,0,1431778727.0,True
KigashoBlackmoon,1,0,1431803916.0,True
YorgAndrozan,1,0,1431782275.0,True
AndromalladorAnayan,1,0,1431829065.0,True
MorardanaForad,1,0,1431836273.0,True
GrojoraAxebinder,1,0,1431764249.0,True
RunebringerSaberdra,1,0,1431825455.0,True
GavirusBurus,1,0,1431775085.0,True
GavizelMazumi,1,0,1431793058.0,True
MajinnSpellgrove,1,0,1431767888.0,True
RaindwellerKasho,1,0,1431803925.0,True
NafymAriugelv,1,0,1431796678.0,True
ShalilisDaill,1,0,1431811146.0,True
vadro,1,0,1435142390.0,True
jay_cook,1,0,1431423392.0,True
eblun,1,0,1431423618.0,True
marshallwayneee,1,0,1431423149.0,True
thomas_baxter,1,0,1431421131.0,True
chrisrockyou,1,0,1431422301.0,True
tomwiek,1,0,1431421643.0,True
IndianaLewis666,1,0,1431424479.0,True
peterpenpeter,1,0,1431422342.0,True
AllanMcPherson2,1,0,1431428664.0,True
GeraldineKnapp,1,0,1431422435.0,True
coolpau,1,0,1431424688.0,True
RichardPhilbrick,1,0,1431423041.0,True
MichelleBerends,1,0,1431423737.0,True
m_peltier,1,0,1431421747.0,True
hymynameisharold,1,0,1431420723.0,True
chillypepperchilly,1,0,1431422947.0,True
marcus_jones,1,0,1431424074.0,True
lisa_kelley,1,0,1431422608.0,True
lipstickred,1,0,1431421566.0,True
sasanbasan,1,0,1431420759.0,True
sunshinesunny,1,0,1431423557.0,True
RichardShannon,1,0,1431501131.0,True
nu3goxyu,1,0,1495579661.0,True
TaraLynnRussel,1,0,1431420622.0,True
YnellieryFezilkree,1,0,1431614589.0,True
MeztimGavijurus,1,0,1431699937.0,True
DathrisKelabar,1,0,1431731849.0,True
MeztikusVusar,1,0,1431735449.0,True
DoularZulkijas,1,0,1431701413.0,True
KariusToshura,1,0,1431742672.0,True
KaziraSirardin,1,0,1431739056.0,True
DarimTatilar,1,0,1431739076.0,True
FelordanaAkinojinn,1,0,1431735523.0,True
KazitaurTruemane,1,0,1431699929.0,True
BlackforgeKazikazah,1,0,1431728241.0,True
AdorahuginnKele,1,0,1431746259.0,True
BallariusAgamantriu,1,0,1431721074.0,True
AdorakelvFelolis,1,0,1431728246.0,True
GholbinradCentrilsa,1,0,1431706644.0,True
KazilCentrilhala,1,0,1431713880.0,True
DurnAdrierdana,1,0,1431703067.0,True
FrostmoonVur,1,0,1431724723.0,True
LandaathDalbine,1,0,1431757047.0,True
TygraswynBloodblade,1,0,1431710245.0,True
TruthwindDawnhunter,1,0,1431710240.0,True
CordalenKeralsa,1,0,1431753454.0,True
FenriranWhiteeye,1,0,1431710325.0,True
MarinaraMolis,1,0,1431699952.0,True
FaucageDoomsmith,1,0,1431742733.0,True
MalakusShagore,1,0,1431724719.0,True
DagdagrinnThordin,1,0,1431735504.0,True
MezizilkreeRunewind,1,0,1431710298.0,True
SaithilarOghmarus,1,0,1431735453.0,True
MoramarVorr,1,0,1431757058.0,True
AralmaranGajinn,1,0,1431724636.0,True
ShajarDalardred,1,0,1431739105.0,True
BranayaKeletius,1,0,1431713930.0,True
BuMolhala,1,0,1431701421.0,True
SaithiniusManakus,1,0,1431753491.0,True
ThunderbringerKagre,1,0,1431710330.0,True
AratGavith,1,0,1431717483.0,True
RedhammerVusho,1,0,1431706659.0,True
FernRunecaster,1,0,1431706703.0,True
DofymZumuro,1,0,1431753472.0,True
DirehammerDoomworm,1,0,1431713897.0,True
BuzarusNathris,1,0,1431746305.0,True
DagdalarDoulrajas,1,0,1431724746.0,True
BeazedredLaighma,1,0,1431746301.0,True
ShalrajasMightbring,1,0,1431739097.0,True
BuzaradAna,1,0,1431713906.0,True
TaularLightkiller,1,0,1431687331.0,True
FenrisMnegrinn,1,0,1431742640.0,True
HellbearerIshn,1,0,1431749902.0,True
NajasMecage,1,0,1431717435.0,True
DokasaDoushakar,1,0,1431699968.0,True
BalaceDait,1,0,1431753458.0,True
AnararanaModith,1,0,1431746256.0,True
DougoreDaghma,1,0,1431706691.0,True
GholbiziusGramand,1,0,1431717511.0,True
CenradNuarad,1,0,1431703047.0,True
MubandisAxeweaver,1,0,1431724677.0,True
BuriathFelordred,1,0,1431728317.0,True
GholisMazumi,1,0,1431742690.0,True
FearlessbrewGazrago,1,0,1431731907.0,True
DawnsongMalador,1,0,1431742721.0,True
DagdalenShaligra,1,0,1431699976.0,True
TygolkreeTygorn,1,0,1431739109.0,True
BlackstalkerZulkisi,1,0,1431710293.0,True
GorgMoogukus,1,0,1431721138.0,True
MorlugdaMugore,1,0,1431724700.0,True
KagalkisArigar,1,0,1431735513.0,True
CemeenaShaswyn,1,0,1431721079.0,True
ZujarDalara,1,0,1431746236.0,True
OpiwieldKirr,1,0,1431728309.0,True
AdriekusFlameworker,1,0,1431713911.0,True
TholoreMorlurgas,1,0,1431753541.0,True
ModiborThorgalis,1,0,1431749897.0,True
KazrajoraMofyn,1,0,1431746295.0,True
VujoraNightworker,1,0,1431706699.0,True
MalogamandGrarne,1,0,1431749893.0,True
WrathshadeButh,1,0,1431699941.0,True
ZulkibeiTruefire,1,0,1431753449.0,True
DaitIshnth,1,0,1431701396.0,True
LasiusNalmeswyn,1,0,1431703034.0,True
NagelvConjugar,1,0,1431701405.0,True
KajimShadoweye,1,0,1431706676.0,True
JoJotTygramand,1,0,1431753502.0,True
UmlasMekus,1,0,1431703054.0,True
IanradKisho,1,0,1431742655.0,True
KanosDoulrajas,1,0,1431731845.0,True
TaujinnStonewind,1,0,1431703058.0,True
DozuruSteelbringer,1,0,1431731911.0,True
KathribandisZa,1,0,1431757136.0,True
ThunderbringerKajin,1,0,1431706649.0,True
MoonshadeGavifyn,1,0,1431717507.0,True
GranithisKirizar,1,0,1431701382.0,True
TetAndromalak,1,0,1431757072.0,True
PerilasBlackflame,1,0,1431757038.0,True
BroadshaperNualar,1,0,1431699924.0,True
FordrenisBloodstaff,1,0,1431703106.0,True
CentrilvKashura,1,0,1431731865.0,True
RockravenShaktilmar,1,0,1431699933.0,True
ColasDushura,1,0,1431728322.0,True
MunilsaNilanin,1,0,1431735467.0,True
DianatiusFaern,1,0,1431724728.0,True
GoshuraAdrienn,1,0,1431706695.0,True
FenrilmaranMarin,1,0,1431742660.0,True
TygrargasShadowstaf,1,0,1431701409.0,True
CedredKirimath,1,0,1431735436.0,True
ZaDacage,1,0,1431753477.0,True
GravelbeardUmdar,1,0,1431721083.0,True
DutBlackshaper,1,0,1431703094.0,True
DuraKiririm,1,0,1431724742.0,True
NikolabarMezticage,1,0,1431746271.0,True
FordregdaNualis,1,0,1431753445.0,True
FordremeenaModred,1,0,1431717525.0,True
TaulrajasHugifyn,1,0,1431721158.0,True
FelhazarVim,1,0,1431706686.0,True
KathridarSaigar,1,0,1431701391.0,True
BeazedredHunin,1,0,1431699945.0,True
GuzuruKarin,1,0,1431710249.0,True
KatiusNalmeginn,1,0,1431699956.0,True
FomandAndroath,1,0,1431703063.0,True
KazikazahnShakalkis,1,0,1431746275.0,True
MavegrinnOghmagar,1,0,1431699972.0,True
YozshurnDousar,1,0,1431728277.0,True
MalanimSashakar,1,0,1431739060.0,True
KazilkreeGavidi,1,0,1431731893.0,True
ThetatiusTojatilar,1,0,1431753506.0,True
AndrothrisAkile,1,0,1431717497.0,True
ZulkilmaranFearless,1,0,1431717471.0,True
AnayarnDusar,1,0,1431749878.0,True
AuziusPebor,1,0,1431739065.0,True
LighthammerAdora,1,0,1431710236.0,True
OghmarielMorarne,1,0,1431739080.0,True
KeralvMalarin,1,0,1431746247.0,True
BeazekusGavilmeena,1,0,1431717529.0,True
KekoraFejar,1,0,1431721036.0,True
FaeshuraDirehammer,1,0,1431749868.0,True
FoBeazezar,1,0,1431735462.0,True
KaborBearis,1,0,1431731888.0,True
GarisarCentri,1,0,1431721121.0,True
BanrisShagal,1,0,1431757164.0,True
ZulkizuruMauzahn,1,0,1431728250.0,True
DelameenaDailar,1,0,1431731854.0,True
CordaradKeraswyn,1,0,1431753537.0,True
MenrisLainn,1,0,1431713951.0,True
KejindGolabar,1,0,1431742676.0,True
MalakusGobei,1,0,1431721102.0,True
WhispermaneGakinos,1,0,1431757104.0,True
ToktilarJular,1,0,1431706640.0,True
ShaathRedweaver,1,0,1431728236.0,True
GullMalazuru,1,0,1431742703.0,True
TygozilkreeDandis,1,0,1431713915.0,True
SamuhnCelen,1,0,1431701417.0,True
BraathGhondis,1,0,1431739088.0,True
DarkshaperWhiteblad,1,0,1431721142.0,True
DozahnBlacksmasher,1,0,1431749836.0,True
MalarnBuginn,1,0,1431717520.0,True
NuadagasMudor,1,0,1431717502.0,True
FeloraShadowbringer,1,0,1431735441.0,True
MaloathFordrethis,1,0,1431742707.0,True
BandidarKagaramar,1,0,1431717439.0,True
GoltigoreArashishak,1,0,1431731840.0,True
FolasMogrel,1,0,1431701435.0,True
GamiBalladolune,1,0,1431706655.0,True
AurilakSaijurus,1,0,1431739084.0,True
DainosAndromaswyn,1,0,1431710321.0,True
BlackstaffCordazar,1,0,1431739072.0,True
NikinosTygranius,1,0,1431713902.0,True
NiramarSaithithis,1,0,1431731921.0,True
GriborSasho,1,0,1431687327.0,True
MiranadarAnardana,1,0,1431703099.0,True
UmluneYolar,1,0,1431746244.0,True
VozilkreeStonebreak,1,0,1431728255.0,True
MagedwellerMaloriel,1,0,1431742699.0,True
BusidaHuginadar,1,0,1431742636.0,True
DugisSabermaster,1,0,1431724695.0,True
BuVoodoogul,1,0,1431749842.0,True
AgathrisRockweaver,1,0,1431735458.0,True
DuzshuraMorlurn,1,0,1431710302.0,True
StarsmithPurefang,1,0,1431757042.0,True
PezarMadal,1,0,1431746290.0,True
GholbisiusAdrieginn,1,0,1431757068.0,True
PerilasMawield,1,0,1431713866.0,True
NaraWhitehunter,1,0,1431739068.0,True
PeridwynSaithilis,1,0,1431710307.0,True
FauraBugas,1,0,1431703043.0,True
AnayaronAdorarin,1,0,1431731874.0,True
MekreeKeswyn,1,0,1431713947.0,True
BlackraySinshaper,1,0,1431703071.0,True
DabeiSharpdefender,1,0,1431701400.0,True
GoldskinKelmaran,1,0,1431731869.0,True
KajihnGavinn,1,0,1431749847.0,True
SindwellerKerarne,1,0,1431713861.0,True
AgafynFefym,1,0,1431728260.0,True
BallariFelorus,1,0,1431699960.0,True
MoranShadowdragon,1,0,1431701425.0,True
DalasMorlubandis,1,0,1431735445.0,True
RunebourneMavetus,1,0,1431701445.0,True
JothisMokus,1,0,1431703076.0,True
MezilrajasRainconju,1,0,1431753523.0,True
DawnfistKirirdana,1,0,1431749925.0,True
JutAkinolar,1,0,1431728282.0,True
MakinosMazugis,1,0,1431717452.0,True
DoginnSirarim,1,0,1431728313.0,True
NalkreeKadwyn,1,0,1431713847.0,True
LajurusOghmagamand,1,0,1431721147.0,True
BearadGakus,1,0,1431757077.0,True
PerilisMezisida,1,0,1431746252.0,True
FordrehuginnNilarga,1,0,1431721097.0,True
GoltirrNuadaswyn,1,0,1431807515.0,True
SaberwoodMikakazahn,1,0,1431760706.0,True
TernCoidar,1,0,1431767883.0,True
IanrisFordrebor,1,0,1431829121.0,True
KelePerdin,1,0,1431825512.0,True
BallargasFenribar,1,0,1431796683.0,True
ArijurusRunesmasher,1,0,1431764276.0,True
SaitiusGrilen,1,0,1431789508.0,True
BurilNuadadred,1,0,1431839836.0,True
MoogumuroGalrajas,1,0,1431821989.0,True
NalmeathFordreril,1,0,1431767917.0,True
SaithihelmDathris,1,0,1431825441.0,True
DoomseekerDakelv,1,0,1431818288.0,True
MoogukoraDugore,1,0,1431771466.0,True
BuzathisWhitebrew,1,0,1431832673.0,True
NiNizahn,1,0,1431764287.0,True
OpindisCordafyn,1,0,1431778649.0,True
MutaxeDorinrad,1,0,1431767860.0,True
MalatiusJokus,1,0,1431836316.0,True
MalmaranBurilbine,1,0,1431825450.0,True
NaziusTujora,1,0,1431821946.0,True
ShalilsaVor,1,0,1431764301.0,True
CererneGardasar,1,0,1431764254.0,True
AriloreKesida,1,0,1431800241.0,True
ConjularAdolore,1,0,1431818242.0,True
TaukoraBrakus,1,0,1431796738.0,True
ThordanaLaigelv,1,0,1431771462.0,True
MavergasTholak,1,0,1431771480.0,True
SardredWhiteblade,1,0,1431800266.0,True
SiramandThordirgas,1,0,1431818304.0,True
NalisShaktimi,1,0,1431760719.0,True
KazraktilarBluebear,1,0,1431821985.0,True
ShaktisidaMoogum,1,0,1431821874.0,True
SteelbrewGavirad,1,0,1431836325.0,True
MolarMavellador,1,0,1431782242.0,True
AriginnKerin,1,0,1431764292.0,True
GranadarPenrad,1,0,1431803912.0,True
BuzalisFern,1,0,1431811114.0,True
DofymArcaneredeemer,1,0,1431836241.0,True
PezanArigrinn,1,0,1431821879.0,True
NuadagarKelenadar,1,0,1431818269.0,True
KigashicageTegas,1,0,1431796696.0,True
ThunderwalkerAurida,1,0,1431785850.0,True
SanadarDagdara,1,0,1431821906.0,True
ShalirusDoomcliff,1,0,1431825534.0,True
AuririBeagrinn,1,0,1431839841.0,True
BuzagasVinris,1,0,1431778666.0,True
AdoswynShakam,1,0,1431825472.0,True
YotilarMaramar,1,0,1431807443.0,True
SamukazahnThunderfu,1,0,1431775080.0,True
AkinorgWhisperforge,1,0,1431764258.0,True
GraveleyeGardana,1,0,1431775120.0,True
BakTygralore,1,0,1431811037.0,True
ShalimathKekelv,1,0,1431814702.0,True
KajoraDelalas,1,0,1431818319.0,True
KejindMoogucage,1,0,1431771489.0,True
ArashiraMirantrius,1,0,1431836307.0,True
ThordibandisCentrin,1,0,1431775073.0,True
IronhammerGholbithr,1,0,1431764237.0,True
BoathDoushakar,1,0,1431793050.0,True
DianarneFelhandis,1,0,1431793062.0,True
DianafymMeztira,1,0,1431793098.0,True
UmgraDoomcaster,1,0,1431818261.0,True
GralladorTojall,1,0,1431814655.0,True
SinbinderMezikasa,1,0,1431803907.0,True
ThunderbreakerTuram,1,0,1431796747.0,True
IshnnayaKendis,1,0,1431822001.0,True
MorinBandikelv,1,0,1431793071.0,True
ZurFergas,1,0,1431785854.0,True
BragulBuzagda,1,0,1431789477.0,True
ManarinDorizar,1,0,1431778683.0,True
NarrTauzuru,1,0,1431764245.0,True
TygotDorifyn,1,0,1431767854.0,True
MadiIanlace,1,0,1431832636.0,True
BuzariusCowield,1,0,1431778679.0,True
BeazarStoneflame,1,0,1431767903.0,True
WhitebrewOghmalore,1,0,1431839850.0,True
MarinradMorlundis,1,0,1431818246.0,True
DalsaGholbilis,1,0,1431767921.0,True
ShalinadarForcegrov,1,0,1431825494.0,True
MagulZolodal,1,0,1431832677.0,True
JuzshuraDusho,1,0,1431767849.0,True
AnagasAdorann,1,0,1431829075.0,True
SatiusKathrilar,1,0,1431814744.0,True
MolabarThetalis,1,0,1431785858.0,True
KeleginnGa,1,0,1431775056.0,True
MenosMerg,1,0,1431800270.0,True
MaurisarKiri,1,0,1431836237.0,True
IanniusFaurr,1,0,1431807501.0,True
KelelarArindis,1,0,1431793084.0,True
MebeiManadwyn,1,0,1431811151.0,True
BlackbreakerDalalsa,1,0,1431775076.0,True
BaloreDarne,1,0,1431796725.0,True
NakazahnDogul,1,0,1431829061.0,True
BurikusVogar,1,0,1431811051.0,True
DogarSaithigamand,1,0,1431778653.0,True
TruesingerYggbandis,1,0,1431796691.0,True
GoltijinPurepick,1,0,1431785867.0,True
DoridorMalanrad,1,0,1431807451.0,True
VishoSardred,1,0,1431778709.0,True
BlackfangSinbeard,1,0,1431793036.0,True
GujarBuzarius,1,0,1431836312.0,True
BalabarTruesinger,1,0,1431836277.0,True
BroadsongKegar,1,0,1431793066.0,True
SamularMavelas,1,0,1431814664.0,True
AnayawynIansida,1,0,1431829051.0,True
YozshulkreeKathriwi,1,0,1431811101.0,True
DiananradKula,1,0,1431839926.0,True
ButhrisNecage,1,0,1431811096.0,True
GrosarGhollador,1,0,1431818284.0,True
DirehammerTojajin,1,0,1431775090.0,True
GranradAgazar,1,0,1431789504.0,True
ZagelvKirilmeena,1,0,1431767892.0,True
MebarConjulhala,1,0,1431775061.0,True
DadredGawield,1,0,1431764262.0,True
ThohuginnDianardred,1,0,1431793080.0,True
BluerayAkinorn,1,0,1431793041.0,True
NirdinKazrall,1,0,1431800292.0,True
KulanadarMazubar,1,0,1431775065.0,True
NightravenJoJotilar,1,0,1431832664.0,True
GutilarBlackraven,1,0,1431811110.0,True
GhosiusAraswyn,1,0,1431793103.0,True
NitFothris,1,0,1431839911.0,True
MirandisStoneblade,1,0,1431803921.0,True
FrostdragonTukus,1,0,1431778688.0,True
FlamebringerRockdwe,1,0,1431760645.0,True
GaluneManis,1,0,1431771453.0,True
ModinadarKamuro,1,0,1431811105.0,True
KigaleLaidred,1,0,1431803845.0,True
KigajoraTruemaster,1,0,1431796687.0,True
KedarGavirne,1,0,1431760724.0,True
PeriBeamath,1,0,1431789499.0,True
WindscarThetarim,1,0,1431767926.0,True
MalazelHellwarden,1,0,1431800288.0,True
FlamesmasherMalordr,1,0,1431832706.0,True
ThunderconjurorDark,1,0,1431789459.0,True
DaranBlueworker,1,0,1431793075.0,True
KerameenaShalimath,1,0,1431825521.0,True
AnarardredStonebran,1,0,1431818265.0,True
FrostshadeMozil,1,0,1431767835.0,True
ArashirAgarin,1,0,1431760641.0,True
ThorgalarKalar,1,0,1431803930.0,True
KargBeazeswyn,1,0,1431778645.0,True
OghmalarDoomray,1,0,1431814660.0,True
ThontriusMaulkis,1,0,1431796661.0,True
GornSham,1,0,1431775041.0,True
NikomuroCeris,1,0,1431760657.0,True
IronwormGrirdana,1,0,1431839854.0,True
VojinThordithis,1,0,1431785899.0,True
GamathTura,1,0,1431785836.0,True
SpellhunterGaktilar,1,0,1431760637.0,True
MneborFlamemaster,1,0,1431782337.0,True
SilverdefenderNuada,1,0,1431767879.0,True
MalasarCordanius,1,0,1431771445.0,True
AndromaziusShakalar,1,0,1431803840.0,True
YggwieldKagakree,1,0,1431764241.0,True
YozshusidaMujora,1,0,1431800261.0,True
MuthYole,1,0,1431803934.0,True
KagazuruMarin,1,0,1431821865.0,True
JumuroFlameweaver,1,0,1431782290.0,True
MajindSirahuginn,1,0,1431829107.0,True
HuginnShantrius,1,0,1431829070.0,True
NightbreakerCefym,1,0,1431832710.0,True
IroneyeManagar,1,0,1431821951.0,True
NikokazahnSpellston,1,0,1431789445.0,True
DarkbreakerBeazenar,1,0,1431782309.0,True
RagescarTejin,1,0,1431782333.0,True
StarredeemerFlamebr,1,0,1431782271.0,True
AuriborSternworker,1,0,1431814684.0,True
ConjuDrelatius,1,0,1431785845.0,True
DagdalisStoneweaver,1,0,1431789491.0,True
MoonwardenAdrierdin,1,0,1431796643.0,True
KigagorZujin,1,0,1431789454.0,True
DailarKezshura,1,0,1431789449.0,True
DianatusSharpcliff,1,0,1431775037.0,True
SaberwardenBabandis,1,0,1431836320.0,True
BalladothisBragami,1,0,1431782313.0,True
KillTygoll,1,0,1431836299.0,True
MaveghmaSamurg,1,0,1431829055.0,True
MosidaBlacksinger,1,0,1431829140.0,True
BagraMolar,1,0,1431778723.0,True
TegrelKajilkree,1,0,1431764305.0,True
KillThowield,1,0,1431782342.0,True
AdorariusBrightflam,1,0,1431836295.0,True
SwordfistBraktilar,1,0,1431771457.0,True
KaziktilarYokus,1,0,1431832669.0,True
MirnSairne,1,0,1431803870.0,True
MaririelNila,1,0,1431764309.0,True
KeramarKemand,1,0,1431796710.0,True
ArashigrelVudolmara,1,0,1431832655.0,True
LamathConjurdin,1,0,1431771471.0,True
GozshuraTagrel,1,0,1431818308.0,True
MuzilDoritius,1,0,1431839921.0,True
CewieldGranius,1,0,1431803853.0,True
CordaKat,1,0,1431782328.0,True
MoshicageCentrirdre,1,0,1431829094.0,True
TauzragoreAndrolune,1,0,1431796742.0,True
AndromajurusDianage,1,0,1431836281.0,True
FlamebinderFelhadre,1,0,1431800253.0,True
GoldenwoodAnayawiel,1,0,1431800283.0,True
PainforgeKigagis,1,0,1431771441.0,True
DoutaxeDijora,1,0,1431825498.0,True
FelhardredLandabor,1,0,1431814730.0,True
KagataxeDala,1,0,1431793046.0,True
OpintriusMalador,1,0,1431803857.0,True
GoltirnAdrie,1,0,1431803939.0,True
GraniziusAndromaghm,1,0,1431785881.0,True
VuzilHuwyn,1,0,1431825548.0,True
MunirielDawnsmith,1,0,1431760653.0,True
MadiTor,1,0,1431807497.0,True
MashuraManalmeena,1,0,1431818237.0,True
KakelvGror,1,0,1431814724.0,True
DarisFelar,1,0,1431814669.0,True
TetaurTashura,1,0,1431782259.0,True
BroadbrandStoneweav,1,0,1431814651.0,True
KirnGavinrasida,1,0,1431771493.0,True
ArisidaFaekasa,1,0,1431825467.0,True
BlackwardenVudozil,1,0,1431800249.0,True
AurinisNuadardred,1,0,1431782294.0,True
GardalmaranMelkis,1,0,1431807488.0,True
AdoralanimBlackpick,1,0,1431829125.0,True
KazratBeazenn,1,0,1431800257.0,True
TygralasModidred,1,0,1431829046.0,True
BuriAnage,1,0,1431789495.0,True
MoogugorAkinotaxe,1,0,1431821870.0,True
GriraAgabor,1,0,1431832719.0,True
NiladredMajar,1,0,1431775069.0,True
GrinayaMunilanim,1,0,1431800275.0,True
BumeenaJulrajas,1,0,1431825463.0,True
MumiMikagis,1,0,1431800236.0,True
BeazegdaAgaril,1,0,1431807511.0,True
BloodshadeMoonweave,1,0,1431785841.0,True
JusarCoginn,1,0,1431771437.0,True
MetilarMavenadar,1,0,1431785903.0,True
DogisVogrel,1,0,1431836304.0,True
NightwindLagar,1,0,1431782317.0,True
KazragoreMale,1,0,1431789524.0,True
AnaraninMagar,1,0,1431778662.0,True
DagdaranaAkilmaran,1,0,1431760701.0,True
ShakalrajasTholsa,1,0,1431818333.0,True
WhitebringerTewyn,1,0,1431807456.0,True
KagazshuraDoulrajas,1,0,1431832715.0,True
KagorJuhn,1,0,1431785912.0,True
AuridredDarad,1,0,1431821928.0,True
VisarColace,1,0,1431807438.0,True
RainsongTojarn,1,0,1431785908.0,True
SteelfontKeleris,1,0,1431778658.0,True
ZukazahnAurifym,1,0,1431832649.0,True
LandadorJoJora,1,0,1431839845.0,True
StonewoodCoirus,1,0,1431760665.0,True
SiralhalaYojin,1,0,1431778675.0,True
SinweaverMordred,1,0,1431771484.0,True
AurigeAnarin,1,0,1431825459.0,True
KiriTygramath,1,0,1431767865.0,True
ArajinTaukazahn,1,0,1431807474.0,True
MalarAdosius,1,0,1431760710.0,True
ShaktilkisTumuro,1,0,1431814673.0,True
YorgConjunara,1,0,1431775116.0,True
JoJolarKathrimand,1,0,1431807447.0,True
paulgrapes,1,0,1413488720.0,True
rapitangnyy,1,0,1434993807.0,True
artautumn,1,0,1428327929.0,True
dipperhummer,1,0,1450167024.0,True
Ten_GOP,1,0,1499219362.0,True
ny_black_protest,1,0,1455799405.0,True
andy1235,1,0,1457017597.0,True
magaing4trump,1,0,1464481259.0,True
gogomrbrown,1,0,1442473385.0,True
MatEvidence,1,0,1447681038.0,True
lilstoner,1,0,1441223684.0,True
jenn_abrams,1,0,1513604789.0,True
leecory,1,0,1466622616.0,True
georgeschultz,1,0,1373970746.0,True
miajones005,1,0,1441639474.0,True
rblackie,1,0,1478097563.0,True
hollymolly2015,1,0,1441257683.0,True
lydia_rodarte-quayle,1,0,1480943467.0,True
Motlalepule,1,0,1477654823.0,True
Motlalent,1,0,1477484999.0,True
Bugemlon,1,0,1477488106.0,True
Amohelang,1,0,1477656085.0,True
Eliot_Aiden,1,0,1480951076.0,True
Tyrone_Marion,1,0,1480949293.0,True
Jaden_Corey,1,0,1480946840.0,True
Aiden_Chuck,1,0,1478097054.0,True
Tristen_Sadler,1,0,1477306936.0,True
LorrySn,1,0,1475496474.0,True
deren777,1,0,1477308543.0,True
sarah_sanchez,1,0,1434461519.0,True
julesbrandy,1,0,1458995509.0,True
HelenaFreiy,1,0,1475479314.0,True
smarteagles,1,0,1458651078.0,True
geoffreych,1,0,1457774301.0,True
MarkHudson89,1,0,1481293256.0,True
FuUNCake,1,0,1465884232.0,True
tebepizdec,1,0,1412245616.0,True
rebekahbennet,1,0,1422084430.0,True
hcaner,1,0,1403942716.0,True
bilberrypie,1,0,1441257587.0,True
vsbeats,1,0,1445607069.0,True
fergensonk,1,0,1445612367.0,True
illlolyourtexass,1,0,1446813838.0,True
astridrooo,1,0,1459773524.0,True
lunacyfreak,1,0,1463752833.0,True
cre-ker,1,0,1464622688.0,True
valyaspb,1,0,1464861726.0,True
joewellbenson,1,0,1465550324.0,True
ivanlox255,1,0,1475655056.0,True
huyolzovatel,1,0,1476176695.0,True
pizdectest,1,0,1476353812.0,True
kozloshlyap,1,0,1475669182.0,True
picnicshirt,161,793,1476798740.0,True
issastunna,1,0,1499939754.0,True
stendupp,1,0,1509589928.0,True
stenlies,1,0,1509588303.0,True
failkate,1,0,1509680463.0,True
smoliangirl,1,0,1509679715.0,True
mironon,1,0,1509678976.0,True
traceyjohnson,1,0,1464849100.0,True
bennylewis,1,0,1502417885.0,True
susanpeterson,1,0,1359538839.0,True
madpood,1,0,1450078939.0,True
amazingbodilyfluids,1,4,1466950776.0,True
qkempek,1,0,1435047609.0,True
sandlerwow,1,0,1441784956.0,True
BleepThePolice,1,1,1447566812.0,True
merlinperegrin,3,-2,1433584685.0,True
Albert_Baldwin,1,0,1476799046.0,True
Tayler_Cletis,1,0,1481029659.0,True
vsrruslan,1,0,1435747661.0,True
ser005,1,0,1435158276.0,True
YggkelvZurn,1,0,1431614718.0,True
KazishuraTerne,1,1,1431615467.0,True
baconlover8,12,6,1513893465.0,True
SouthLoneStar,1,2,1456862351.0,True
Lepolesa,2,0,1477386037.0,True
moluleloa,4,-1,1476797984.0,True
YggwynZulkigul,2,0,1431687343.0,True
vsruslan,4,0,1435739658.0,True
Kutloisiso,543,4899,1477562618.0,True
Hararnir,4,0,1478163893.0,True
georgepharell,12,84,1476797502.0,True
kuabrush,5,0,1478168988.0,True
mikeehrmantraut55,5,0,1480941255.0,True
salamanca_tuco,5,0,1480943027.0,True
WileandraMalhala,3,0,1431613765.0,True
RobbKR,6,0,1475489071.0,True
ThorgalenGozil,3,0,1431683065.0,True
wolfen01,6,0,1441658374.0,True
jessepinkman1984,6,0,1480940282.0,True
letlotlow,6,0,1480943434.0,True
solodoto666,7,0,1477641871.0,True
saulgoodman1978,7,0,1480940756.0,True
Mamigon,7,0,1478184937.0,True
TakeMyEnerGG,7,0,1481024922.0,True
ZuluraGolar,1,7,1431687384.0,True
anime_stan,9,-1,1441700963.0,True
khotsofalan,8,0,1481026191.0,True
Ezra_Jimmie,8,0,1481029083.0,True
QuenceynnTejora,7,0,1431613724.0,True
IronhammerConjukelv,11,0,1431695214.0,True
trollsofficial,9,0,1514210434.0,True
fring-gus,9,0,1480938909.0,True
truckshark,11,2,1476891002.0,True
FezilGavinn,11,0,1431615555.0,True
AdoraronDoomworker,38,-14,1431685767.0,True
ZolosidaSpellsinger,12,0,1431684633.0,True
KahuginnCerenadar,5,0,1431683045.0,True
YokouJJ,10,0,1481022623.0,True
VuranThordilore,10,0,1431695205.0,True
Brenden_Kevyn,11,0,1481020510.0,True
LandageKador,14,-1,1431615571.0,True
BrahnVilar,6,0,1431687360.0,True
GaranaTobar,10,1,1431683099.0,True
YggdorKakree,11,0,1431693527.0,True
graulli,13,0,1480949889.0,True
Heirlow,13,0,1478184431.0,True
FordreranaCordagda,7,0,1431693668.0,True
randomipad,11,23,1493229300.0,True
SailakSamura,18,-3,1431615591.0,True
smollow,13,2,1477305854.0,True
socketwom,15,0,1481020842.0,True
foxmeowlder,15,0,1453984513.0,True
CeriusTojajar,16,0,1431617748.0,True
ModitiusOpirius,24,0,1431615458.0,True
mohato,15,2,1477307231.0,True
Abena_Tau,17,0,1459344188.0,True
GranilisDogul,9,0,1431615433.0,True
BloodwoodArashizrag,19,0,1431692240.0,True
crownalbum,18,0,1477661614.0,True
DaytonayenMoranaya,18,0,1431614648.0,True
CewieldZuluhn,14,0,1431684637.0,True
Taulou,76,36,1477385006.0,True
VoodoogamiAurilak,23,0,1431683085.0,True
HaroldGarold,87,0,1478098959.0,True
OghmagelvFedora,11,0,1431685751.0,True
davscolf,22,0,1490537819.0,True
LightshadeGardakino,19,8,1431692223.0,True
TetaurDafyn,20,0,1431682591.0,True
HoodieLoodie,23,0,1477840975.0,True
walterwhite1962,23,0,1480939642.0,True
Derek_Daniel,23,0,1481026634.0,True
KagrelMauran,25,0,1431695226.0,True
NilarilOpirim,21,0,1431687401.0,True
DrelathrisBo,20,0,1431617686.0,True
SalmaranLaihuginn,20,0,1431685784.0,True
mr_clampin,28,-3,1470449758.0,True
VanecedwaShadowsmith,24,2,1431613742.0,True
SadCitizen2016,28,-2,1471947426.0,True
seatfaith,27,0,1477925397.0,True
AgaluneMalordred,14,0,1431692258.0,True
MeepoPeep,30,0,1481017557.0,True
KakreeTabar,33,-1,1431685755.0,True
thistleescape,262,191,1477495415.0,True
Garry_Gregg,36,0,1481026115.0,True
WilliananLandalsa,34,0,1431613733.0,True
germagamo,37,0,1480951247.0,True
inkreindeer,38,0,1477840890.0,True
TojasidaSamukree,62,10,1431684579.0,True
hank-schrade,41,0,1480941703.0,True
IshnranaAnayagrinn,43,0,1431684660.0,True
aubrey_harper,44,0,1481016044.0,True
ModitiusFaetaur,23,0,1431614688.0,True
GushicageAgamadi,40,0,1431692289.0,True
NuaborShaktikasa,47,0,1431687352.0,True
garliccomet,47,34,1477664186.0,True
jerrhill,19,30,1442406963.0,True
moonreading,94,0,1478098992.0,True
MalojurusMutus,55,2,1431614825.0,True
Riley_Gerrard,55,0,1481018297.0,True
AralisTugis,29,0,1431617770.0,True
FreddieGi,49,95,1477502068.0,True
CogelvWhitebinder,60,0,1431695230.0,True
VojarAndrorus,53,0,1431685758.0,True
SharprunnerAndrolas,76,0,1431685793.0,True
winthrop_clancy,725,1187,1477579712.0,True
emilyli,77,0,1442880442.0,True
BagoreZulkihn,78,0,1431683103.0,True
muslimzebra,83,0,1480954844.0,True
DorothieBell,49,40,1470449167.0,True
Orville_Willy,92,0,1481020092.0,True
wadeharriot,90,3,1470447974.0,True
KatusPenadar,47,0,1431695186.0,True
KulazelKelkree,93,1,1431614762.0,True
1488Reasons,1,96,1452931267.0,True
TojatMalaron,130,47,1431685788.0,True
dreamsquadd,98,0,1481025582.0,True
DalabandisAndroma,19,80,1431685743.0,True
cakes689,31,117,1489989472.0,True
Zach_Bristol,110,0,1481016675.0,True
riversailor,14,97,1477306776.0,True
SteelfangMogamand,121,3,1431695201.0,True
bottlehope,112,0,1477926015.0,True
Gilbert_Preston,113,0,1481017836.0,True
harperdaveharper,20819,4,1447489017.0,True
chriscrossfire,116,-1,1442879287.0,True
GavinayaBeazefym,99,0,1431693596.0,True
Paolosi,124,0,1481018885.0,True
SnorrySturluson,134,0,1456758770.0,True
GoldenbringerTogore,129,0,1431617714.0,True
NalenTaugami,145,0,1431615399.0,True
MoonMoon8,141,0,1481013800.0,True
Darcy_Loyd,143,0,1481023015.0,True
DianarinAdorardred,149,0,1431683053.0,True
ThorgaghmaLai,76,0,1431683058.0,True
FerdavynaCentrirus,137,0,1431613758.0,True
petouchoque,1,171,1446035393.0,True
AriundisVugar,182,-10,1431684669.0,True
CordaronGavinralbin,185,0,1431692231.0,True
DelaranaBatius,179,0,1431692244.0,True
BallardredTholak,195,0,1431615532.0,True
MalalladorSincliff,196,0,1431687347.0,True
jojouel,195,50,1477381254.0,True
violinslipper,87,132,1477406068.0,True
caterpillarclass,98,131,1477494893.0,True
AxeseekerMightwind,216,20,1431695210.0,True
SamugoreKekelv,283,40,1431693653.0,True
patsy_rudolph,257,0,1481030336.0,True
DelalbineSilvershad,259,0,1431683089.0,True
DearDearBear,260,0,1481016464.0,True
DarusCege,241,14,1431695197.0,True
RedGov,236,90,1477309575.0,True
malefane,68,234,1477382373.0,True
PeriniusDular,297,2,1431692306.0,True
vudonrismakasa,306,0,1431706713.0,True
VukazahnGardagis,328,0,1431685747.0,True
AndromajurusAragrel,343,-2,1431695182.0,True
HityndiDutilar,357,-20,1431613604.0,True
NekoraJoJolar,335,1,1431687397.0,True
Dazzle6,4750,71,1476797189.0,True
rockanda,322,12,1444136506.0,True
IronwalkerGardred,339,0,1431693617.0,True
DelanradAgamadwyn,338,0,1431683094.0,True
FenrilkreeMolabar,346,0,1431692293.0,True
BludflameMeztirg,356,0,1431693608.0,True
researchbeggar,317,4406,1477305622.0,True
toffeetear,368,0,1480955209.0,True
AndrorneGavinrage,403,0,1431687335.0,True
TebenelBrazragore,379,0,1431613658.0,True
DaFordremand,401,0,1431615444.0,True
SharpwingChillshape,412,0,1431692270.0,True
Gillian0zero0,447,0,1477840375.0,True
CererinKarn,454,0,1431687405.0,True
ZukoraTezil,492,0,1431693518.0,True
Mponeng,708,48,1477557397.0,True
MnefymPainmane,558,1,1431685775.0,True
HellwindShadowbreak,625,-20,1431685763.0,True
richwilcom,635,-20,1473624434.0,True
moratutu,703,324,1476799075.0,True
DalahelmFelharil,636,0,1431684620.0,True
paulmall112,631,23,1441977427.0,True
AgamagelvTozshura,847,0,1431684610.0,True
tishcol,693,19,1444146826.0,True
lekgotla,738,0,1480940985.0,True
xameg,624,213,1422801862.0,True
PeGobei,844,0,1431695218.0,True
blackie_jack,778,67,1444754926.0,True
BurigelvGravelbrew,859,0,1431617854.0,True
MalasarGholbiris,893,0,1431684588.0,True
UmthDarkfire,455,0,1431615421.0,True
Graham_Quinn,589,453,1477386363.0,True
brondran,1111,1,1442506185.0,True
alex_jonathan,1167,0,1445351431.0,True
sugarshoehorn,1020,157,1478098629.0,True
LeyleynFearlessworm,1186,0,1431613571.0,True
CeginnFonin,1239,0,1431617840.0,True
Heetmean,798,474,1478158378.0,True
GoltijindGoltishura,1142,0,1431687370.0,True
horseeating,366,1093,1477405006.0,True
Meek_Mitchel,944,1118,1476800124.0,True
hadheart,1443,8,1442940599.0,True
men_like,1468,66,1444614273.0,True
ThordibandisHugimat,1565,0,1431695178.0,True
waeqxd,1629,4,1453930343.0,True
hyddrox,1693,95,1470447144.0,True
CogdaAnayanara,1840,0,1431692310.0,True
brant_s,1844,26,1445684144.0,True
ZamalynodeThothis,1871,0,1431614606.0,True
fginery,1889,10,1477306540.0,True
come-true,1949,0,1446066292.0,True
CereranaKeath,1956,0,1431617700.0,True
chereese,1964,36,1441723516.0,True
TojasHellwarden,2210,0,1431685779.0,True
toffeeathletics,2330,-1,1477840250.0,True
laserathletics,421,2134,1472713880.0,True
peter_stevenson1986,2229,172,1445351809.0,True
GavinraraFonara,6,2581,1431684583.0,True
keklelkek,2591,0,1443649681.0,True
ThonisIshnlen,2608,0,1431692315.0,True
ironzion17,2646,60,1441762285.0,True
ThontriusBanos,3035,0,1431692236.0,True
NitaurMaull,3035,0,1431692275.0,True
MananaraGralsa,3085,0,1431693554.0,True
kanyebreeze,3391,1,1444879578.0,True
LalhalaGavinradwyn,3399,1,1431684624.0,True
NualvCordalace,3463,0,1431614733.0,True
gordon_br,3446,1,1445694646.0,True
KiririelCebandis,3486,1,1431614806.0,True
UelitheLandagelv,3601,-8,1431613580.0,True
dandy1crown,1487,2025,1478098392.0,True
GrisidaColak,3512,0,1431687355.0,True
alice_boginski,3507,5,1445350710.0,True
fungon,454,3072,1477304876.0,True
MiraranaMogra,4902,103,1431615514.0,True
uelithelandagelv,3601,-8,1431613580.0,True
FoshantBloodstone,3629,0,1431613640.0,True
BeazerneMem,3767,-7,1431617723.0,True
mandeyboy,4176,-3,1477306749.0,True
AriutusMokazahn,4594,0,1431685797.0,True
clackie,4924,19,1443013945.0,True
reggaebull,5237,1,1444879282.0,True
AlsagelvBuriron,6670,-6,1431617789.0,True
deusexmachina112,5485,0,1441761659.0,True
elsie_c,5454,43,1445266840.0,True
TedarYozshujin,5671,0,1431614787.0,True
toneporter,6979,108,1470449393.0,True
SinmoonYggbandis,7265,0,1431617821.0,True
dopplegun,9049,0,1463924565.0,True
Maineylops,12783,463,1458296183.0,True
Maxwel_Terry,14611,258,1461073596.0,True
DeusXYX,14413,1138,1470448665.0,True
MasiusShadowshaper,16301,5,1431617732.0,True
MargasGranidor,23622,5,1431687340.0,True
Peter_Hurst,20663,167,1459342959.0,True
erivmalazilkree,21948,23,1431610981.0,True
King_Andersons,26587,557,1458662153.0,True
BerskyN,686,32373,1476798209.0,True
WhatImDoindHere,33071,24,1451373038.0,True
Kevin_Milner,42606,146,1459341996.0,True
shomyo,45367,3275,1275032667.0,True
rubinjer,99493,0,1446816374.0,True
